Les Miserables (Touring) Les Miserables (Touring) | Saturday, Feb 14, 2026, 2:00 PM | Prairie Home Alliance Theater, Peoria --- Les Miserables (Touring) Les Miserables (Touring) | Saturday, Feb 14, 2026, 7:30 PM | Prairie Home Alliance Theater, Peoria --- Les Miserables (Touring) Les Miserables (Touring) | Sunday, Feb 15, 2026, 1:00 PM | Prairie Home Alliance Theater, Peoria --- Les Miserables (Touring) Les Miserables (Touring) | Sunday, Feb 15, 2026, 6:30 PM | Prairie Home Alliance Theater, Peoria --- Les Miserables (Touring) Les Miserables (Touring) | Tuesday, Feb 17, 2026, 7:30 PM | Orpheum Theatre, Minneapolis --- Les Miserables (Touring) Les Miserables (Touring) | Wednesday, Feb 18, 2026, 7:30 PM | Orpheum Theatre, Minneapolis --- Les Miserables (Touring) Les Miserables (Touring) | Thursday, Feb 19, 2026, 7:30 PM | Orpheum Theatre, Minneapolis --- Les Miserables (Touring) Les Miserables (Touring) | Friday, Feb 20, 2026, 7:30 PM | Orpheum Theatre, Minneapolis --- Les Miserables (To